,answer_count,articles_count,avatar_url,avatar_url_template,badge,follower_count,gender,headline,id,is_advertiser,is_followed,is_following,is_org,name,type,url,url_token,user_type,vip_info
0,0,0,https://pic1.zhimg.com/v2-9a352a683a366732f291db5118de2090_is.jpg,https://pic1.zhimg.com/v2-9a352a683a366732f291db5118de2090_{size}.jpg,[],0,-1,摄影师  古典文学爱好者 驴友,ccb83edc0594ca12f258dd4ddad9c7b5,False,False,False,False,归去,people,https://www.zhihu.com/people/ccb83edc0594ca12f258dd4ddad9c7b5,gui-qu-12-11,people,{'is_vip': False}
1,4,0,https://pic2.zhimg.com/v2-5d8052e8afbf07b9aa28ce49782360c1_is.jpg,https://pic2.zhimg.com/v2-5d8052e8afbf07b9aa28ce49782360c1_{size}.jpg,[],7,1,外貌协会，资浅程序员，炫妻狂魔，泰迪精附体,6feb3572f9a13b77fdf8572ba13b7bac,False,False,False,False,汉卿,people,https://www.zhihu.com/people/6feb3572f9a13b77fdf8572ba13b7bac,jianghe415,people,{'is_vip': False}
2,1,0,https://pic1.zhimg.com/da8e974dc_is.jpg,https://pic1.zhimg.com/da8e974dc_{size}.jpg,[],0,-1,生物灵异心理学家,900ca3ceef40314d7a20e4142fc66281,False,False,False,False,帝焱,people,https://www.zhihu.com/people/900ca3ceef40314d7a20e4142fc66281,di-yan-58-30,people,{'is_vip': False}
3,0,0,https://pic3.zhimg.com/v2-f61d27d53af9fd5476dbb0ed3c52454e_is.jpg,https://pic3.zhimg.com/v2-f61d27d53af9fd5476dbb0ed3c52454e_{size}.jpg,[],0,0,还有很多有趣的事,44da2eedb14b514affff8197eb107320,False,False,False,False,Lonersc,people,https://www.zhihu.com/people/44da2eedb14b514affff8197eb107320,meng-nu-hai-93-76,people,{'is_vip': False}
4,6,0,https://pic1.zhimg.com/da8e974dc_is.jpg,https://pic1.zhimg.com/da8e974dc_{size}.jpg,[],1,-1,工科商科男,dd84d2f09cae1e29041e45f56fd6c9c0,False,False,False,False,张鑫磊,people,https://www.zhihu.com/people/dd84d2f09cae1e29041e45f56fd6c9c0,zhang-xin-lei-50-57,people,{'is_vip': False}
5,0,0,https://pic1.zhimg.com/da8e974dc_is.jpg,https://pic1.zhimg.com/da8e974dc_{size}.jpg,[],0,-1,会计,84a7bc572644d9b455ffd5c99b0a4771,False,False,False,False,sSQ,people,https://www.zhihu.com/people/84a7bc572644d9b455ffd5c99b0a4771,ssq-2-77,people,{'is_vip': False}
6,1,0,https://pic4.zhimg.com/v2-21ec21dd98915d4acc9e5434495de237_is.jpg,https://pic4.zhimg.com/v2-21ec21dd98915d4acc9e5434495de237_{size}.jpg,[],9,-1,none,cdc35a6a2145734cdab81509852b634b,False,False,False,False,Morgon,people,https://www.zhihu.com/people/cdc35a6a2145734cdab81509852b634b,yang-zhen-hui-33,people,{'is_vip': False}
7,6,0,https://pic4.zhimg.com/v2-881cc17306db693fab0ed47713d782df_is.jpg,https://pic4.zhimg.com/v2-881cc17306db693fab0ed47713d782df_{size}.jpg,[],1,-1,,280a633bd17e0059e0ce9e41e2fa079d,False,False,False,False,我是瘦美人,people,https://www.zhihu.com/people/280a633bd17e0059e0ce9e41e2fa079d,wo-shi-shou-mei-ren,people,{'is_vip': False}
8,1,0,https://pic1.zhimg.com/da8e974dc_is.jpg,https://pic1.zhimg.com/da8e974dc_{size}.jpg,[],0,-1,学生,63b7ba5bdb39cd3441e1804452af03be,False,False,False,False,柠柠,people,https://www.zhihu.com/people/63b7ba5bdb39cd3441e1804452af03be,ning-ning-35-17,people,{'is_vip': False}
9,414,1,https://pic4.zhimg.com/v2-bc6c6921d588f4303120cc585713fb43_is.jpg,https://pic4.zhimg.com/v2-bc6c6921d588f4303120cc585713fb43_{size}.jpg,[],106,-1,常刷乎，自以为大有所益,5e37db5394f27066c77013a3baffa3a0,False,False,False,False,一瞬斯年,people,https://www.zhihu.com/people/5e37db5394f27066c77013a3baffa3a0,li-jian-85-39,people,{'is_vip': False}
10,0,0,https://pic1.zhimg.com/da8e974dc_is.jpg,https://pic1.zhimg.com/da8e974dc_{size}.jpg,[],0,-1,,eda109882467138b3ce7790e5a2a72fe,False,False,False,False,嘉庆,people,https://www.zhihu.com/people/eda109882467138b3ce7790e5a2a72fe,jia-qing-44-9,people,{'is_vip': False}
11,2,0,https://pic3.zhimg.com/v2-f267f66e721df68f29f3c2a4b81bd5ea_is.jpg,https://pic3.zhimg.com/v2-f267f66e721df68f29f3c2a4b81bd5ea_{size}.jpg,[],2,-1,,5a2ba2ca231b4caf60ff8c8a0efae4a2,False,False,False,False,好想咬你一小口,people,https://www.zhihu.com/people/5a2ba2ca231b4caf60ff8c8a0efae4a2,khaleesi-3-78,people,{'is_vip': False}
12,4,0,https://pic2.zhimg.com/v2-8679eedc489bee845b45eafa27209f7d_is.jpg,https://pic2.zhimg.com/v2-8679eedc489bee845b45eafa27209f7d_{size}.jpg,[],8,1,此生风花雪月过，不曾后悔,4383a6bf7412d2b0ce8b1f188201d477,False,False,False,False,书架,people,https://www.zhihu.com/people/4383a6bf7412d2b0ce8b1f188201d477,fei-xu-14,people,{'is_vip': False}
13,0,0,https://pic4.zhimg.com/v2-aa1b5c3d05eba6f94fe941d022318563_is.jpg,https://pic4.zhimg.com/v2-aa1b5c3d05eba6f94fe941d022318563_{size}.jpg,[],1,-1,在读大学生,b002e3ab788a2eddd8591073096cb64b,False,False,False,False,它也在思考着,people,https://www.zhihu.com/people/b002e3ab788a2eddd8591073096cb64b,huang-yong-bin-79,people,{'is_vip': False}
14,0,0,https://pic1.zhimg.com/da8e974dc_is.jpg,https://pic1.zhimg.com/da8e974dc_{size}.jpg,[],0,-1,房地产,3bc5d85afa1b25808e6ff945580f4378,False,False,False,False,谭宇荣,people,https://www.zhihu.com/people/3bc5d85afa1b25808e6ff945580f4378,tan-yu-rong-19,people,{'is_vip': False}
15,0,0,https://pic1.zhimg.com/da8e974dc_is.jpg,https://pic1.zhimg.com/da8e974dc_{size}.jpg,[],0,-1,学生,351e76688de247537e2ba307dd1d3627,False,False,False,False,七九五,people,https://www.zhihu.com/people/351e76688de247537e2ba307dd1d3627,qi-jiu-wu-13,people,{'is_vip': False}
16,1,0,https://pic3.zhimg.com/v2-6af6ceadf0bf4dddb3a3e2bf96be8f02_is.jpg,https://pic3.zhimg.com/v2-6af6ceadf0bf4dddb3a3e2bf96be8f02_{size}.jpg,[],1,0,在不违反法律的情况下尽可能做利于自己的事,d7b8e49299fad705b3a59aa40088d240,False,False,False,False,梦龙,people,https://www.zhihu.com/people/d7b8e49299fad705b3a59aa40088d240,meng-long-29-53,people,{'is_vip': False}
17,0,0,https://pic1.zhimg.com/v2-c70c3114852b0d951f3d59e8bf9815f0_is.jpg,https://pic1.zhimg.com/v2-c70c3114852b0d951f3d59e8bf9815f0_{size}.jpg,[],1,-1,,31aa49401e01b30b0bd63496cbf1c29c,False,False,False,False,l李,people,https://www.zhihu.com/people/31aa49401e01b30b0bd63496cbf1c29c,lli-50-59,people,{'is_vip': False}
18,0,0,https://pic1.zhimg.com/da8e974dc_is.jpg,https://pic1.zhimg.com/da8e974dc_{size}.jpg,[],0,-1,学生,9d3ee76f987867f09416107d944f3d10,False,False,False,False,小小,people,https://www.zhihu.com/people/9d3ee76f987867f09416107d944f3d10,xiao-xiao-31-84-72,people,{'is_vip': False}
19,0,0,https://pic4.zhimg.com/v2-683b165c87f1d49518801ca56e748ce7_is.jpg,https://pic4.zhimg.com/v2-683b165c87f1d49518801ca56e748ce7_{size}.jpg,[],0,-1,在校大学生兵哥哥,b3eb996f95aef2beea8a284887b5c0da,False,False,False,False,潇潇暮雨秭归,people,https://www.zhihu.com/people/b3eb996f95aef2beea8a284887b5c0da,xiao-xiao-mu-yu-zi-gui,people,{'is_vip': False}
20,7,0,https://pic1.zhimg.com/v2-e4266340086de58162bb3129dab52eb4_is.jpg,https://pic1.zhimg.com/v2-e4266340086de58162bb3129dab52eb4_{size}.jpg,[],33,1,风雨兼程,1720ed00d0a9c41b054931f116975ef2,False,False,False,False,麓山君,people,https://www.zhihu.com/people/1720ed00d0a9c41b054931f116975ef2,mengxb,people,{'is_vip': False}
21,0,0,https://pic4.zhimg.com/v2-bd436446ae9fa441c9c16cbee5078bc3_is.jpg,https://pic4.zhimg.com/v2-bd436446ae9fa441c9c16cbee5078bc3_{size}.jpg,[],0,1,,267fb9ef885e1d7c909462ec450964a1,False,False,False,False,qooix,people,https://www.zhihu.com/people/267fb9ef885e1d7c909462ec450964a1,qi-xiao-peng-92,people,{'is_vip': False}
22,2,0,https://pic1.zhimg.com/da8e974dc_is.jpg,https://pic1.zhimg.com/da8e974dc_{size}.jpg,[],2,1,人生没有如果,8a6ec92c7ca1e1103d539a7a885d3a88,False,False,False,False,lugang zhu,people,https://www.zhihu.com/people/8a6ec92c7ca1e1103d539a7a885d3a88,lugang-zhu,people,{'is_vip': False}
23,0,0,https://pic1.zhimg.com/da8e974dc_is.jpg,https://pic1.zhimg.com/da8e974dc_{size}.jpg,[],0,-1,,737bbd003b0f953b9555801f5fd4dbcc,False,False,False,False,王卡,people,https://www.zhihu.com/people/737bbd003b0f953b9555801f5fd4dbcc,wang-qia-13-32,people,{'is_vip': False}
24,3,0,https://pic3.zhimg.com/v2-29a9f03e06b6532c91341e517c7db80e_is.jpg,https://pic3.zhimg.com/v2-29a9f03e06b6532c91341e517c7db80e_{size}.jpg,[],0,-1,,47caf1a80230aa5087f613a0f8f37df6,False,False,False,False,我就是我,people,https://www.zhihu.com/people/47caf1a80230aa5087f613a0f8f37df6,wo-jiu-shi-wo-29-11,people,{'is_vip': False}
25,0,0,https://pic1.zhimg.com/da8e974dc_is.jpg,https://pic1.zhimg.com/da8e974dc_{size}.jpg,[],0,-1,,8c4e041d890f7d420d115dbf60042bd7,False,False,False,False,小花,people,https://www.zhihu.com/people/8c4e041d890f7d420d115dbf60042bd7,xiao-hua-81-79,people,{'is_vip': False}
26,3,0,https://pic3.zhimg.com/v2-bea57af903c9b2135c7e2fe70cc1a9ba_is.jpg,https://pic3.zhimg.com/v2-bea57af903c9b2135c7e2fe70cc1a9ba_{size}.jpg,[],3,-1,不是程序员的程序员,b7cf31e846d048d5dae522a512ab2634,False,False,False,False,维真,people,https://www.zhihu.com/people/b7cf31e846d048d5dae522a512ab2634,wei-zhen-3-31,people,{'is_vip': False}
27,0,0,https://pic3.zhimg.com/v2-05d12bd33a3f7dc158940bbe855ade1e_is.jpg,https://pic3.zhimg.com/v2-05d12bd33a3f7dc158940bbe855ade1e_{size}.jpg,[],2,-1,恋爱培训师,efb5887b57ef757edf5c725db029c689,False,False,False,False,挽回大师tyler,people,https://www.zhihu.com/people/efb5887b57ef757edf5c725db029c689,fred-53-67,people,{'is_vip': False}
28,0,0,https://pic1.zhimg.com/c3a54b158508884c649be51e9b621fc8_is.jpg,https://pic1.zhimg.com/c3a54b158508884c649be51e9b621fc8_{size}.jpg,[],16,-1,,b196f8eb15a0a5b4b1206b0871d3ea1f,False,False,False,False,virtual,people,https://www.zhihu.com/people/b196f8eb15a0a5b4b1206b0871d3ea1f,cai-xing-wei-91,people,{'is_vip': False}
29,0,0,https://pic1.zhimg.com/da8e974dc_is.jpg,https://pic1.zhimg.com/da8e974dc_{size}.jpg,[],0,-1,,c1fa775d3088c39e8b71bf6945c6cf3d,False,False,False,False,世界你这,people,https://www.zhihu.com/people/c1fa775d3088c39e8b71bf6945c6cf3d,shi-jie-ni-zhe,people,{'is_vip': False}
30,2,1,https://pic2.zhimg.com/v2-dab31761964b5426f7ac2cb8c591b62d_is.jpg,https://pic2.zhimg.com/v2-dab31761964b5426f7ac2cb8c591b62d_{size}.jpg,[],413,0,,9c157e0bffbf70808989c4e05c3f61df,False,False,False,False,Judyyyy,people,https://www.zhihu.com/people/9c157e0bffbf70808989c4e05c3f61df,zhu-li-28-54,people,{'is_vip': False}
31,3,0,https://pic4.zhimg.com/v2-11be52a02831d5843e96c94695e29cfb_is.jpg,https://pic4.zhimg.com/v2-11be52a02831d5843e96c94695e29cfb_{size}.jpg,[],0,0,还可以,4fe313b8b8013bcd16a020d70264067e,False,False,False,False,陈可以,people,https://www.zhihu.com/people/4fe313b8b8013bcd16a020d70264067e,bubu-77-22,people,{'is_vip': False}
32,2,0,https://pic3.zhimg.com/v2-1a6c0364f91c70eadc5dafde8aa69e22_is.jpg,https://pic3.zhimg.com/v2-1a6c0364f91c70eadc5dafde8aa69e22_{size}.jpg,[],0,0,学医的女人,33f96b1da9fa8624bfffd0893aeb2013,False,False,False,False,不见春深,people,https://www.zhihu.com/people/33f96b1da9fa8624bfffd0893aeb2013,guang-zhao-jiao-guang-chao-shi,people,{'is_vip': False}
33,0,0,https://pic1.zhimg.com/da8e974dc_is.jpg,https://pic1.zhimg.com/da8e974dc_{size}.jpg,[],3,-1,,3a76a2ea514a189fd2e07b5137fcd647,False,False,False,False,爱吃橙子,people,https://www.zhihu.com/people/3a76a2ea514a189fd2e07b5137fcd647,ai-chi-cheng-zi-47,people,{'is_vip': False}
34,0,0,https://pic1.zhimg.com/da8e974dc_is.jpg,https://pic1.zhimg.com/da8e974dc_{size}.jpg,[],0,-1,,b713d2682b0b603806c558d0ebab9c2b,False,False,False,False,初欢,people,https://www.zhihu.com/people/b713d2682b0b603806c558d0ebab9c2b,chu-huan-26,people,{'is_vip': False}
35,0,0,https://pic1.zhimg.com/da8e974dc_is.jpg,https://pic1.zhimg.com/da8e974dc_{size}.jpg,[],0,0,,ee3da38dac2b9df0555da69835c86813,False,False,False,False,Sandyaut,people,https://www.zhihu.com/people/ee3da38dac2b9df0555da69835c86813,sandy-79-27,people,{'is_vip': False}
36,5,0,https://pic1.zhimg.com/v2-495a1eb28de9b0b771664ac51b245b40_is.jpg,https://pic1.zhimg.com/v2-495a1eb28de9b0b771664ac51b245b40_{size}.jpg,[],4,1,变化为常态，不要否认它,846cb002635cec7157786733536bee1e,False,False,False,False,吴栞旎,people,https://www.zhihu.com/people/846cb002635cec7157786733536bee1e,wu-kan-ni,people,{'is_vip': False}
37,1,0,https://pic2.zhimg.com/e8732664557a5a6f4fefa79671b64365_is.jpg,https://pic2.zhimg.com/e8732664557a5a6f4fefa79671b64365_{size}.jpg,[],0,1,,2a656d0a0387d9485c20294deeb09206,False,False,False,False,邓星平,people,https://www.zhihu.com/people/2a656d0a0387d9485c20294deeb09206,nan-deng-xing-ping,people,{'is_vip': False}
38,0,0,https://pic1.zhimg.com/da8e974dc_is.jpg,https://pic1.zhimg.com/da8e974dc_{size}.jpg,[],0,-1,,b8a5bb0977eb02842c9d030c8819c310,False,False,False,False,梁家璇,people,https://www.zhihu.com/people/b8a5bb0977eb02842c9d030c8819c310,liang-jia-xuan-11,people,{'is_vip': False}
39,0,0,https://pic1.zhimg.com/da8e974dc_is.jpg,https://pic1.zhimg.com/da8e974dc_{size}.jpg,[],0,-1,学生,8e4c005a4aeab1d2169212de524dd3b9,False,False,False,False,陈健,people,https://www.zhihu.com/people/8e4c005a4aeab1d2169212de524dd3b9,chen-jian-92-77-66,people,{'is_vip': False}
40,0,0,https://pic2.zhimg.com/e270e22b762a849e70dcaac78cd1fb79_is.jpg,https://pic2.zhimg.com/e270e22b762a849e70dcaac78cd1fb79_{size}.jpg,[],0,-1,有什么好的P图,1c6b96e61d984e68b7e6b35131043268,False,False,False,False,奕迅啊,people,https://www.zhihu.com/people/1c6b96e61d984e68b7e6b35131043268,yi-xun-a,people,{'is_vip': False}
41,40,0,https://pic4.zhimg.com/v2-6fb0f81b34121cd58df4d84bc0b9ae8f_is.jpg,https://pic4.zhimg.com/v2-6fb0f81b34121cd58df4d84bc0b9ae8f_{size}.jpg,[],26,-1,旧时代结束，大时代来临了,1a6d4a2a9e418b55f2cfb132db41f92a,False,False,False,False,志高笃学,people,https://www.zhihu.com/people/1a6d4a2a9e418b55f2cfb132db41f92a,zhi-gao-du-xue,people,{'is_vip': False}
42,4,0,https://pic1.zhimg.com/da8e974dc_is.jpg,https://pic1.zhimg.com/da8e974dc_{size}.jpg,[],0,-1,舞蹈在读,87c2bb7fa35270cb115cdf1f820c57f9,False,False,False,False,Agnes,people,https://www.zhihu.com/people/87c2bb7fa35270cb115cdf1f820c57f9,agnes-36-6,people,{'is_vip': False}
43,0,0,https://pic1.zhimg.com/da8e974dc_is.jpg,https://pic1.zhimg.com/da8e974dc_{size}.jpg,[],1,-1,大一新生,c069a4e77e895e40f9841a8246333ccb,False,False,False,False,痛快淋漓8,people,https://www.zhihu.com/people/c069a4e77e895e40f9841a8246333ccb,tong-kuai-lin-li-8-86,people,{'is_vip': False}
44,0,0,https://pic1.zhimg.com/da8e974dc_is.jpg,https://pic1.zhimg.com/da8e974dc_{size}.jpg,[],0,-1,,7c6e1dce8f82291d7a0b2613a32c089d,False,False,False,False,东莞抗日少女,people,https://www.zhihu.com/people/7c6e1dce8f82291d7a0b2613a32c089d,dong-wan-kang-ri-shao-nu,people,{'is_vip': False}
45,0,0,https://pic2.zhimg.com/v2-775716c9fea1ca21a055e1ab2c291c4d_is.jpg,https://pic2.zhimg.com/v2-775716c9fea1ca21a055e1ab2c291c4d_{size}.jpg,[],0,-1,,140f23ec4c2695dc53ad190a37bc47df,False,False,False,False,城中真暮寒,people,https://www.zhihu.com/people/140f23ec4c2695dc53ad190a37bc47df,cheng-zhong-zhen-mu-han,people,{'is_vip': False}
46,3,0,https://pic1.zhimg.com/da8e974dc_is.jpg,https://pic1.zhimg.com/da8e974dc_{size}.jpg,[],44,0,addicted to music,c3f1ca02b18a622e1bae7bb239812995,False,False,False,False,王铁柱,people,https://www.zhihu.com/people/c3f1ca02b18a622e1bae7bb239812995,tian-er-niu-62,people,{'is_vip': False}
47,0,0,https://pic1.zhimg.com/da8e974dc_is.jpg,https://pic1.zhimg.com/da8e974dc_{size}.jpg,[],0,-1,,be2753f5117894c1a967789fd35ffcb1,False,False,False,False,温柔大哥,people,https://www.zhihu.com/people/be2753f5117894c1a967789fd35ffcb1,wen-rou-da-ge-44-30,people,{'is_vip': False}
48,47,0,https://pic4.zhimg.com/v2-f17243b0dbf2655a1cc1702dfe61c94b_is.jpg,https://pic4.zhimg.com/v2-f17243b0dbf2655a1cc1702dfe61c94b_{size}.jpg,[],8,1,苦哈哈的石油工人,21f3bf1a2ca3cb00f5d37aff6ba5de5e,False,False,False,False,王正,people,https://www.zhihu.com/people/21f3bf1a2ca3cb00f5d37aff6ba5de5e,wang-zheng-25-33,people,{'is_vip': False}
49,24,6,https://pic1.zhimg.com/5e9febad2011e5b60ddf27ac7b6cd3e0_is.jpg,https://pic1.zhimg.com/5e9febad2011e5b60ddf27ac7b6cd3e0_{size}.jpg,[],2198,1,谁是我们的敌人？谁是我们的朋友？这个问题是革命的首要问题。,c77f72a32ee5852d53b25e2de3dc3648,False,False,False,False,天意,people,https://www.zhihu.com/people/c77f72a32ee5852d53b25e2de3dc3648,zwebi,people,{'is_vip': False}
50,0,0,https://pic1.zhimg.com/da8e974dc_is.jpg,https://pic1.zhimg.com/da8e974dc_{size}.jpg,[],0,-1,,53e6a281014ba463a05f0632dc010470,False,False,False,False,苏铭,people,https://www.zhihu.com/people/53e6a281014ba463a05f0632dc010470,su-ming-77-97-39,people,{'is_vip': False}
51,2,0,https://pic3.zhimg.com/v2-044c05adc79993bb6bf7812128f75762_is.jpg,https://pic3.zhimg.com/v2-044c05adc79993bb6bf7812128f75762_{size}.jpg,[],22,-1,,6dbc3ae6bc9a5ef1afc99b5030cc240d,False,False,False,False,珞珈阿玖,people,https://www.zhihu.com/people/6dbc3ae6bc9a5ef1afc99b5030cc240d,whu-aj,people,{'is_vip': False}
52,0,0,https://pic1.zhimg.com/da8e974dc_is.jpg,https://pic1.zhimg.com/da8e974dc_{size}.jpg,[],0,-1,,44f7374e131f111122da0e54894beeac,False,False,False,False,本本嗄,people,https://www.zhihu.com/people/44f7374e131f111122da0e54894beeac,ben-ben-a-97,people,{'is_vip': False}
53,131,20,https://pic2.zhimg.com/v2-6b1554df0356273274a3aefb6d24d8b5_is.jpg,https://pic2.zhimg.com/v2-6b1554df0356273274a3aefb6d24d8b5_{size}.jpg,[],36511,1,一杯敬肌肉，一杯敬脂肪，温暖我的身体留住了力量,e19ca928208884087cc7932681a93bc2,False,False,False,False,Gabby老师,people,https://www.zhihu.com/people/e19ca928208884087cc7932681a93bc2,chen-guang-55,people,{'is_vip': False}
54,0,0,https://pic1.zhimg.com/v2-c28dc0037bfbe0c468d5b7dbe97f7980_is.jpg,https://pic1.zhimg.com/v2-c28dc0037bfbe0c468d5b7dbe97f7980_{size}.jpg,[],10,0,,b8e470ac17a32067c9e6a7e96c112b4a,False,False,False,False,苏哲,people,https://www.zhihu.com/people/b8e470ac17a32067c9e6a7e96c112b4a,su-zhe-27-74,people,{'is_vip': False}
55,10,0,https://pic2.zhimg.com/v2-1f34dcab15f7c4d8e96d337ed779a8f5_is.jpg,https://pic2.zhimg.com/v2-1f34dcab15f7c4d8e96d337ed779a8f5_{size}.jpg,[],104,1,"见贤思齐,见恶自省.",65fdefb17b5584d41b4556175cf60ccd,False,False,False,False,fisheva,people,https://www.zhihu.com/people/65fdefb17b5584d41b4556175cf60ccd,fisheva,people,{'is_vip': False}
56,0,0,https://pic2.zhimg.com/v2-6f90b021be97ee0667d4eb0e51ee1b01_is.jpg,https://pic2.zhimg.com/v2-6f90b021be97ee0667d4eb0e51ee1b01_{size}.jpg,[],1,-1,,2d1f6b876a2926648d522a52223f0a04,False,False,False,False,神的孩子都在跳舞,people,https://www.zhihu.com/people/2d1f6b876a2926648d522a52223f0a04,xi-luo-71-1-32,people,{'is_vip': False}
57,3,0,https://pic1.zhimg.com/da8e974dc_is.jpg,https://pic1.zhimg.com/da8e974dc_{size}.jpg,[],0,-1,,97fb0d8880a4f13677a21676e87c11a2,False,False,False,False,世界的美好,people,https://www.zhihu.com/people/97fb0d8880a4f13677a21676e87c11a2,zhao-zhu-25-26,people,{'is_vip': False}
58,0,0,https://pic1.zhimg.com/v2-1ff340a801b72adc3ff85632e49a59dc_is.jpg,https://pic1.zhimg.com/v2-1ff340a801b72adc3ff85632e49a59dc_{size}.jpg,[],1,0,大学生,0d30074737c2e5d5d37bbb7f60040839,False,False,False,False,可可西里没有海,people,https://www.zhihu.com/people/0d30074737c2e5d5d37bbb7f60040839,li-bing-yao-69,people,{'is_vip': False}
59,19,0,https://pic2.zhimg.com/d1262ad5a8f699bb7ec6625d3c6496bd_is.jpg,https://pic2.zhimg.com/d1262ad5a8f699bb7ec6625d3c6496bd_{size}.jpg,[],19,1,之乎者？,223d2ab5d005ed5f3c82a32ca4769b97,False,False,False,False,登高望远,people,https://www.zhihu.com/people/223d2ab5d005ed5f3c82a32ca4769b97,wan-sui-55,people,{'is_vip': False}
60,1,0,https://pic1.zhimg.com/c3891c065e78ce0255cb7698b84ff754_is.jpg,https://pic1.zhimg.com/c3891c065e78ce0255cb7698b84ff754_{size}.jpg,[],2,0,,765e18a1eb0c6998070ac1953b940606,False,False,False,False,你雨子,people,https://www.zhihu.com/people/765e18a1eb0c6998070ac1953b940606,leng-leng-neng,people,{'is_vip': False}
61,0,0,https://pic1.zhimg.com/3c343c8b27d90b47ba2f7f0766a88b44_is.jpg,https://pic1.zhimg.com/3c343c8b27d90b47ba2f7f0766a88b44_{size}.jpg,[],0,-1,,28491cb7b81b390c061bae89aee710af,False,False,False,False,遛虾的蛋蛋,people,https://www.zhihu.com/people/28491cb7b81b390c061bae89aee710af,liu-xia-de-dan-dan,people,{'is_vip': False}
62,5,0,https://pic4.zhimg.com/2904967bb0ed594f2a7d3eeb11e1a683_is.jpg,https://pic4.zhimg.com/2904967bb0ed594f2a7d3eeb11e1a683_{size}.jpg,[],6,1,,2657b75da0fb821e1c2f8b9dd223f498,False,False,False,False,Kashim,people,https://www.zhihu.com/people/2657b75da0fb821e1c2f8b9dd223f498,kashim,people,{'is_vip': False}
63,0,0,https://pic1.zhimg.com/da8e974dc_is.jpg,https://pic1.zhimg.com/da8e974dc_{size}.jpg,[],0,-1,,1c629545a3fe13890b8dbc0b20295195,False,False,False,False,星星会发光,people,https://www.zhihu.com/people/1c629545a3fe13890b8dbc0b20295195,xing-xing-hui-fa-guang-38,people,{'is_vip': False}
64,1,0,https://pic1.zhimg.com/da8e974dc_is.jpg,https://pic1.zhimg.com/da8e974dc_{size}.jpg,[],1,-1,,23e988d932214dc9b52cd0daa02080df,False,False,False,False,河木,people,https://www.zhihu.com/people/23e988d932214dc9b52cd0daa02080df,he-mu-80-90,people,{'is_vip': False}
65,4,0,https://pic4.zhimg.com/v2-a0e5aec284b87947d6e7c7aed1cc29b3_is.jpg,https://pic4.zhimg.com/v2-a0e5aec284b87947d6e7c7aed1cc29b3_{size}.jpg,[],4,0,学生,f71fc4f3c0a61b5ed958b1b79ec5ec97,False,False,False,False,星辰,people,https://www.zhihu.com/people/f71fc4f3c0a61b5ed958b1b79ec5ec97,xia-mu-55-20-72,people,{'is_vip': False}
66,0,0,https://pic1.zhimg.com/v2-0f9be6eab1fa7c5ad6568a477607fbe0_is.jpg,https://pic1.zhimg.com/v2-0f9be6eab1fa7c5ad6568a477607fbe0_{size}.jpg,[],0,0,厌世之人，薄情寡义,89ca9a1983d56df68ea31de40ac4ade9,False,False,False,False,苏辞 书,people,https://www.zhihu.com/people/89ca9a1983d56df68ea31de40ac4ade9,ren-jian-bu-zhi-58,people,{'is_vip': False}
67,0,0,https://pic1.zhimg.com/da8e974dc_is.jpg,https://pic1.zhimg.com/da8e974dc_{size}.jpg,[],0,-1,,4b0ef10eb25cd61aba20181f725a7f69,False,False,False,False,很好的张凯,people,https://www.zhihu.com/people/4b0ef10eb25cd61aba20181f725a7f69,hen-hao-de-zhang-kai,people,{'is_vip': False}
68,0,0,https://pic3.zhimg.com/v2-1c2fb46e30959ffa80cb8c5498b12286_is.jpg,https://pic3.zhimg.com/v2-1c2fb46e30959ffa80cb8c5498b12286_{size}.jpg,[],0,0,,ba2e1c6e2074ba33f692db28d7d8d95e,False,False,False,False,池鱼,people,https://www.zhihu.com/people/ba2e1c6e2074ba33f692db28d7d8d95e,chi-yu-2-28,people,{'is_vip': False}
69,8,0,https://pic3.zhimg.com/5d180cdd14621fb18eed834f3c328b5a_is.jpg,https://pic3.zhimg.com/5d180cdd14621fb18eed834f3c328b5a_{size}.jpg,[],30,1,,12dcdc37edf03133e79d3cab6f542080,False,False,False,False,小艾琳,people,https://www.zhihu.com/people/12dcdc37edf03133e79d3cab6f542080,19931103,people,{'is_vip': False}
70,0,0,https://pic1.zhimg.com/v2-4c900f87564e6920cff3ed05f6bc5f9c_is.jpg,https://pic1.zhimg.com/v2-4c900f87564e6920cff3ed05f6bc5f9c_{size}.jpg,[],0,1,单身汪,efc60094f2a684f1ce9727722fda6979,False,False,False,False,Apri1丶,people,https://www.zhihu.com/people/efc60094f2a684f1ce9727722fda6979,wo-shi-ni-de-si-yue-tian,people,{'is_vip': False}
71,3,0,https://pic4.zhimg.com/v2-101eb5647162a8f3bb62a0e7d98d10cb_is.jpg,https://pic4.zhimg.com/v2-101eb5647162a8f3bb62a0e7d98d10cb_{size}.jpg,[],0,0,,08163bbda3efc6670289b22e91c22503,False,False,False,False,呵呵呵旅人,people,https://www.zhihu.com/people/08163bbda3efc6670289b22e91c22503,he-he-he-lu-ren,people,{'is_vip': False}
72,0,0,https://pic1.zhimg.com/da8e974dc_is.jpg,https://pic1.zhimg.com/da8e974dc_{size}.jpg,[],0,-1,,0b4b9b02371b856188ac32af3551a541,False,False,False,False,林柔,people,https://www.zhihu.com/people/0b4b9b02371b856188ac32af3551a541,lin-rou-59,people,{'is_vip': False}
73,4,0,https://pic1.zhimg.com/da8e974dc_is.jpg,https://pic1.zhimg.com/da8e974dc_{size}.jpg,[],2,0,打扰了,520e8f0be230686453da80613238ce47,False,False,False,False,Inori,people,https://www.zhihu.com/people/520e8f0be230686453da80613238ce47,a-z-i-r,people,{'is_vip': False}
74,1,0,https://pic1.zhimg.com/da8e974dc_is.jpg,https://pic1.zhimg.com/da8e974dc_{size}.jpg,[],0,-1,汽车外科医生,04041e786f8b63ef0663286e69c9a594,False,False,False,False,好好说话,people,https://www.zhihu.com/people/04041e786f8b63ef0663286e69c9a594,hao-hao-shuo-hua-79-74,people,{'is_vip': False}
75,203,12,https://pic1.zhimg.com/da8e974dc_is.jpg,https://pic1.zhimg.com/da8e974dc_{size}.jpg,[],15,-1,证券投资顾问，互联网，基金经理,3a624c4752ffbb81a3dcf39906c4869a,False,False,False,False,余子翁,people,https://www.zhihu.com/people/3a624c4752ffbb81a3dcf39906c4869a,yu-yi-70-73-98,people,{'is_vip': False}
76,5,0,https://pic2.zhimg.com/v2-c2b61f03945c6a09e6a4f56753c2b881_is.jpg,https://pic2.zhimg.com/v2-c2b61f03945c6a09e6a4f56753c2b881_{size}.jpg,[],4,-1,程序员、二次元宅、旅游、漫展,e542b5774a2ef852e0432c9c79997829,False,False,False,False,小新,people,https://www.zhihu.com/people/e542b5774a2ef852e0432c9c79997829,xiao-xin-17-37-74,people,{'is_vip': False}
77,1,0,https://pic1.zhimg.com/da8e974dc_is.jpg,https://pic1.zhimg.com/da8e974dc_{size}.jpg,[],0,-1,,5d585043871c6a13d72b80dbc9ed2b42,False,False,False,False,陈玉京,people,https://www.zhihu.com/people/5d585043871c6a13d72b80dbc9ed2b42,chen-yu-jing-79,people,{'is_vip': False}
78,19,0,https://pic4.zhimg.com/b6ca8e419be32923f6fa56ba75661cf3_is.jpg,https://pic4.zhimg.com/b6ca8e419be32923f6fa56ba75661cf3_{size}.jpg,[],2,-1,好好来过,f4807cfee8125f7ce146896eb7bbce44,False,False,False,False,云淡风轻,people,https://www.zhihu.com/people/f4807cfee8125f7ce146896eb7bbce44,yun-dan-feng-qing-80-7,people,{'is_vip': False}
79,29,0,https://pic4.zhimg.com/v2-e29a87139b6a8e5829f206983b1b6283_is.jpg,https://pic4.zhimg.com/v2-e29a87139b6a8e5829f206983b1b6283_{size}.jpg,[],13,1,快乐满满,d796e200eea85c59e9321ca55dad39d1,False,False,False,False,小娘惹迷雾中,people,https://www.zhihu.com/people/d796e200eea85c59e9321ca55dad39d1,liu-jian-ming-61-25,people,{'is_vip': False}
80,0,0,https://pic2.zhimg.com/e4901d72c04a668b514daebb132a0785_is.jpg,https://pic2.zhimg.com/e4901d72c04a668b514daebb132a0785_{size}.jpg,[],0,-1,,57fc2452a6e226d58fbf340ee444a52c,False,False,False,False,calm,people,https://www.zhihu.com/people/57fc2452a6e226d58fbf340ee444a52c,calm-11-76,people,{'is_vip': False}
81,1,0,https://pic1.zhimg.com/da8e974dc_is.jpg,https://pic1.zhimg.com/da8e974dc_{size}.jpg,[],0,-1,,5c2c26ad4f771055f185405470f5444e,False,False,False,False,小苑,people,https://www.zhihu.com/people/5c2c26ad4f771055f185405470f5444e,xiao-yuan-1-74,people,{'is_vip': False}
82,0,0,https://pic1.zhimg.com/v2-96bb74de16b04089b1f8facb1c6e3124_is.jpg,https://pic1.zhimg.com/v2-96bb74de16b04089b1f8facb1c6e3124_{size}.jpg,[],0,0,,95f192748c80dcf0a46cf23e43566f47,False,False,False,False,第一眼意中人,people,https://www.zhihu.com/people/95f192748c80dcf0a46cf23e43566f47,cen-xue-bing,people,{'is_vip': False}
83,1,0,https://pic1.zhimg.com/da8e974dc_is.jpg,https://pic1.zhimg.com/da8e974dc_{size}.jpg,[],1,-1,初中狗,19ec4d7ffac45cc0a6e17dcee64ca456,False,False,False,False,zZzZ,people,https://www.zhihu.com/people/19ec4d7ffac45cc0a6e17dcee64ca456,zzzz-89-19,people,{'is_vip': False}
84,16,0,https://pic3.zhimg.com/v2-63737ccc2b6fc00b18ac37b0fe47051e_is.jpg,https://pic3.zhimg.com/v2-63737ccc2b6fc00b18ac37b0fe47051e_{size}.jpg,[],5,1,学生,61f0c0f64ab6e5cd9a0d5324ccff9b29,False,False,False,False,望爱我如初,people,https://www.zhihu.com/people/61f0c0f64ab6e5cd9a0d5324ccff9b29,qian-xi-63-72,people,{'is_vip': False}
85,0,0,https://pic1.zhimg.com/da8e974dc_is.jpg,https://pic1.zhimg.com/da8e974dc_{size}.jpg,[],0,-1,,d37e0b6d82727f1db87db7b496e9e82a,False,False,False,False,洪荒,people,https://www.zhihu.com/people/d37e0b6d82727f1db87db7b496e9e82a,hong-huang-87,people,{'is_vip': False}
86,0,0,https://pic1.zhimg.com/da8e974dc_is.jpg,https://pic1.zhimg.com/da8e974dc_{size}.jpg,[],3,-1,无业者,8860b431150f3990d240ed79d24b58f0,False,False,False,False,海的那边,people,https://www.zhihu.com/people/8860b431150f3990d240ed79d24b58f0,hai-de-na-bian-74,people,{'is_vip': False}
87,4,0,https://pic3.zhimg.com/v2-4d6041514b42ac1a719700dc95fe6bee_is.jpg,https://pic3.zhimg.com/v2-4d6041514b42ac1a719700dc95fe6bee_{size}.jpg,[],0,0,你反驳我我就骂你，你夸我我就吹捧你，就这样。,24a65e9942776e8c0f8d6abe3d27175d,False,False,False,False,成年俗人,people,https://www.zhihu.com/people/24a65e9942776e8c0f8d6abe3d27175d,yu-jian-ni-wen-lan-chao-sheng,people,{'is_vip': False}
88,0,0,https://pic1.zhimg.com/da8e974dc_is.jpg,https://pic1.zhimg.com/da8e974dc_{size}.jpg,[],0,-1,,0558bc4d2b9230e1bfe06b9042df4b36,False,False,False,False,纯傻吊一枚,people,https://www.zhihu.com/people/0558bc4d2b9230e1bfe06b9042df4b36,chun-sha-diao-yi-mei,people,{'is_vip': False}
89,661,43,https://pic4.zhimg.com/v2-2f3967c8e3f01069c308e013f304319b_is.jpg,https://pic4.zhimg.com/v2-2f3967c8e3f01069c308e013f304319b_{size}.jpg,[],302,-1,直视太阳吧！！,db49e0686498ffe5cbd81f4550f88ea4,False,False,False,False,和平,people,https://www.zhihu.com/people/db49e0686498ffe5cbd81f4550f88ea4,he-ping-87-83,people,{'is_vip': False}
90,0,0,https://pic1.zhimg.com/da8e974dc_is.jpg,https://pic1.zhimg.com/da8e974dc_{size}.jpg,[],1,-1,L,ba29ea776f7569d81c5028ee7b9d64d1,False,False,False,False,cadlx,people,https://www.zhihu.com/people/ba29ea776f7569d81c5028ee7b9d64d1,cadlx,people,{'is_vip': False}
91,3,0,https://pic1.zhimg.com/v2-7426b268bfb9e327519e3e3af3656024_is.jpg,https://pic1.zhimg.com/v2-7426b268bfb9e327519e3e3af3656024_{size}.jpg,[],0,-1,好奇学家，空想患者,29c7d7290f683f8b1e58b92cc8e299bf,False,False,False,False,溜溜溜啾啾球,people,https://www.zhihu.com/people/29c7d7290f683f8b1e58b92cc8e299bf,bo-xue-xiu-luo-lu,people,{'is_vip': False}
92,4,0,https://pic3.zhimg.com/03b42d62450ffcb05428b958512bea22_is.jpg,https://pic3.zhimg.com/03b42d62450ffcb05428b958512bea22_{size}.jpg,[],21,1,纠缠态/多项式/算法,1deae515a099e4fb06e7cdb11afc0e2a,False,False,False,False,郭城,people,https://www.zhihu.com/people/1deae515a099e4fb06e7cdb11afc0e2a,guo-cheng-3-26,people,{'is_vip': False}
93,0,0,https://pic1.zhimg.com/da8e974dc_is.jpg,https://pic1.zhimg.com/da8e974dc_{size}.jpg,[],0,-1,寻找有趣的灵魂,2761e8b9d2dcb80f350faca072dedb4c,False,False,False,False,我兜里有糖,people,https://www.zhihu.com/people/2761e8b9d2dcb80f350faca072dedb4c,wo-dou-li-you-tang-63,people,{'is_vip': False}
94,1,0,https://pic1.zhimg.com/v2-001f9bcf1802ff228315300875ae5914_is.jpg,https://pic1.zhimg.com/v2-001f9bcf1802ff228315300875ae5914_{size}.jpg,[],0,0,学生,439024c88da68853b24a6e017d706d8c,False,False,False,False,乸筱,people,https://www.zhihu.com/people/439024c88da68853b24a6e017d706d8c,na-xiao-21,people,{'is_vip': False}
95,0,0,https://pic1.zhimg.com/da8e974dc_is.jpg,https://pic1.zhimg.com/da8e974dc_{size}.jpg,[],0,-1,,27e7c4dc48f8c0e45eb26114fece3d78,False,False,False,False,VINONA,people,https://www.zhihu.com/people/27e7c4dc48f8c0e45eb26114fece3d78,vinona-22,people,{'is_vip': False}
96,4,0,https://pic1.zhimg.com/v2-79030de0e5a7a351b568a7fb0a3812f8_is.jpg,https://pic1.zhimg.com/v2-79030de0e5a7a351b568a7fb0a3812f8_{size}.jpg,[],11,-1,前捕快,9da7d62961bf8e1ceabbabddd8eca01f,False,False,False,False,高长恭,people,https://www.zhihu.com/people/9da7d62961bf8e1ceabbabddd8eca01f,gao-chang-gong-85,people,{'is_vip': False}
97,44,1,https://pic3.zhimg.com/v2-9d0e08a1aa244ee2abd383550649021e_is.jpg,https://pic3.zhimg.com/v2-9d0e08a1aa244ee2abd383550649021e_{size}.jpg,[],6,0,走自己的路，无惧无畏。,b3ad6bd2789fbf83cf073a493e7da68d,False,False,False,False,weirdo7,people,https://www.zhihu.com/people/b3ad6bd2789fbf83cf073a493e7da68d,ruo-xi-34-77-33,people,{'is_vip': False}
98,0,0,https://pic1.zhimg.com/da8e974dc_is.jpg,https://pic1.zhimg.com/da8e974dc_{size}.jpg,[],0,0,,914f7384ebbcd9af4e7a4d2616b44fad,False,False,False,False,毛欣滔,people,https://www.zhihu.com/people/914f7384ebbcd9af4e7a4d2616b44fad,mao-xin-tao-28,people,{'is_vip': False}
99,2,0,https://pic2.zhimg.com/7312dcff4beb59e4a8aadaf99fc10e21_is.jpg,https://pic2.zhimg.com/7312dcff4beb59e4a8aadaf99fc10e21_{size}.jpg,[],3,1,偏执的乌合之众,249a327290efc21ae02f82e486f100dc,False,False,False,False,偏执的乌合之众,people,https://www.zhihu.com/people/249a327290efc21ae02f82e486f100dc,dong-pen,people,{'is_vip': False}
100,0,0,https://pic1.zhimg.com/da8e974dc_is.jpg,https://pic1.zhimg.com/da8e974dc_{size}.jpg,[],0,-1,,3552dbbbcd2ce31e37f6e37937020df6,False,False,False,False,西西同学,people,https://www.zhihu.com/people/3552dbbbcd2ce31e37f6e37937020df6,xi-xi-tong-xue-18-11,people,{'is_vip': False}
101,0,0,https://pic1.zhimg.com/da8e974dc_is.jpg,https://pic1.zhimg.com/da8e974dc_{size}.jpg,[],9,1,,a133f0f438dda1f173ed9d75ad084f51,False,False,False,False,shou son,people,https://www.zhihu.com/people/a133f0f438dda1f173ed9d75ad084f51,shou-son,people,{'is_vip': False}
102,0,0,https://pic1.zhimg.com/a7e1fb4763d8a851d93d878d1da12f2c_is.jpg,https://pic1.zhimg.com/a7e1fb4763d8a851d93d878d1da12f2c_{size}.jpg,[],0,-1,,490479cd4160c3d6e5631e5bb40db998,False,False,False,False,gadfly,people,https://www.zhihu.com/people/490479cd4160c3d6e5631e5bb40db998,gadfly-20,people,{'is_vip': False}
103,0,0,https://pic3.zhimg.com/v2-9e8558eb80428e92e47037354b2cfbd6_is.jpg,https://pic3.zhimg.com/v2-9e8558eb80428e92e47037354b2cfbd6_{size}.jpg,[],0,0,,a69385fb896179e6e9717966a5519b62,False,False,False,False,宋宋,people,https://www.zhihu.com/people/a69385fb896179e6e9717966a5519b62,song-ning-meng-90,people,{'is_vip': False}
104,0,0,https://pic1.zhimg.com/932fd769d65fd58b8690ea6d1c242664_is.jpg,https://pic1.zhimg.com/932fd769d65fd58b8690ea6d1c242664_{size}.jpg,[],3,-1,,97efc439f8391c87c6c9282381fe332d,False,False,False,False,队友,people,https://www.zhihu.com/people/97efc439f8391c87c6c9282381fe332d,dui-you-33,people,{'is_vip': False}
105,0,0,https://pic1.zhimg.com/da8e974dc_is.jpg,https://pic1.zhimg.com/da8e974dc_{size}.jpg,[],0,-1,女大学生安全问题,994d98d9e5b4db82bc7d403617fdd9f8,False,False,False,False,八月,people,https://www.zhihu.com/people/994d98d9e5b4db82bc7d403617fdd9f8,ba-yue-99-73,people,{'is_vip': False}
106,1,0,https://pic1.zhimg.com/da8e974dc_is.jpg,https://pic1.zhimg.com/da8e974dc_{size}.jpg,[],0,-1,无业游,2ccc9012b0a4d67daae794b6c3091416,False,False,False,False,呵呵哒,people,https://www.zhihu.com/people/2ccc9012b0a4d67daae794b6c3091416,he-he-da-64-45-32,people,{'is_vip': False}
107,8,0,https://pic2.zhimg.com/cc4cf235eeb0944dd4504a24917fd055_is.jpg,https://pic2.zhimg.com/cc4cf235eeb0944dd4504a24917fd055_{size}.jpg,[],0,0,,0457544a4aaccb53aec67d8d5edd5f9c,False,False,False,False,沐沐沐,people,https://www.zhihu.com/people/0457544a4aaccb53aec67d8d5edd5f9c,mu-mu-mu-94-57,people,{'is_vip': False}
108,0,0,https://pic1.zhimg.com/da8e974dc_is.jpg,https://pic1.zhimg.com/da8e974dc_{size}.jpg,[],0,-1,,306fccf704b8e1626ea582eb2c5a7e60,False,False,False,False,周先生,people,https://www.zhihu.com/people/306fccf704b8e1626ea582eb2c5a7e60,zhou-xian-sheng-55-82,people,{'is_vip': False}
109,0,0,https://pic4.zhimg.com/v2-0b54ad5c5c7e60f2285eef8df5bd11cf_is.jpg,https://pic4.zhimg.com/v2-0b54ad5c5c7e60f2285eef8df5bd11cf_{size}.jpg,[],0,0,,6b493eb89373c7929552e89d9be0c61a,False,False,False,False,FANCE,people,https://www.zhihu.com/people/6b493eb89373c7929552e89d9be0c61a,fanc-38,people,{'is_vip': False}
110,1,0,https://pic1.zhimg.com/da8e974dc_is.jpg,https://pic1.zhimg.com/da8e974dc_{size}.jpg,[],0,-1,,65e3ddb7ab21d22f1842bc7b84833873,False,False,False,False,别乱我心,people,https://www.zhihu.com/people/65e3ddb7ab21d22f1842bc7b84833873,bie-luan-wo-xin-76,people,{'is_vip': False}
111,0,0,https://pic3.zhimg.com/v2-725adb386162a3edab9af87e7c4e5e5a_is.jpg,https://pic3.zhimg.com/v2-725adb386162a3edab9af87e7c4e5e5a_{size}.jpg,[],0,-1,投身教育行业的工科生,8c343af27d0b6368f5d97b49ead861c6,False,False,False,False,自动你个锤子啊,people,https://www.zhihu.com/people/8c343af27d0b6368f5d97b49ead861c6,wang-peng-87-39-73,people,{'is_vip': False}
112,0,0,https://pic1.zhimg.com/da8e974dc_is.jpg,https://pic1.zhimg.com/da8e974dc_{size}.jpg,[],0,-1,,e268f930942b4989d6fa07d5aa7350c7,False,False,False,False,楉水丶,people,https://www.zhihu.com/people/e268f930942b4989d6fa07d5aa7350c7,ruo-shui-zhu-70,people,{'is_vip': False}
113,16,0,https://pic3.zhimg.com/v2-e782fe5d449a0a3ef9aa4a836b416266_is.jpg,https://pic3.zhimg.com/v2-e782fe5d449a0a3ef9aa4a836b416266_{size}.jpg,[],2,0,柳如是,438e7b7302417cdb1a6b881ada273e8e,False,False,False,False,朕还能再喝一碗,people,https://www.zhihu.com/people/438e7b7302417cdb1a6b881ada273e8e,zhen-huan-neng-zai-he-yi-wan,people,{'is_vip': False}
114,0,0,https://pic1.zhimg.com/da8e974dc_is.jpg,https://pic1.zhimg.com/da8e974dc_{size}.jpg,[],0,-1,,5fc6452381dc9d2a03b138fbd83d2afc,False,False,False,False,吕22,people,https://www.zhihu.com/people/5fc6452381dc9d2a03b138fbd83d2afc,lu-22-95,people,{'is_vip': False}
115,5,0,https://pic3.zhimg.com/v2-627c0ff5d57fb3e58794cc7dc8e84536_is.jpg,https://pic3.zhimg.com/v2-627c0ff5d57fb3e58794cc7dc8e84536_{size}.jpg,[],0,-1,,78f3cc5f5c69f735d59996744c1dc7df,False,False,False,False,一只大龙猫,people,https://www.zhihu.com/people/78f3cc5f5c69f735d59996744c1dc7df,ni-shi-ge-49,people,{'is_vip': False}
116,0,0,https://pic1.zhimg.com/da8e974dc_is.jpg,https://pic1.zhimg.com/da8e974dc_{size}.jpg,[],2,1,,81f90675b6425011e1bcc193852400ce,False,False,False,False,心安,people,https://www.zhihu.com/people/81f90675b6425011e1bcc193852400ce,zhou-qi-67-37,people,{'is_vip': False}
117,0,0,https://pic1.zhimg.com/da8e974dc_is.jpg,https://pic1.zhimg.com/da8e974dc_{size}.jpg,[],0,-1,,78d8c5f89c0af0a976b54414cdc8a8e5,False,False,False,False,栗子晴,people,https://www.zhihu.com/people/78d8c5f89c0af0a976b54414cdc8a8e5,li-zi-qing-51-50,people,{'is_vip': False}
118,1,0,https://pic1.zhimg.com/v2-00dbb59b0c2a18ccba4c719495c9b228_is.jpg,https://pic1.zhimg.com/v2-00dbb59b0c2a18ccba4c719495c9b228_{size}.jpg,[],0,0,知音难觅,ae5e950e413fef26534c670f15d2b2f7,False,False,False,False,沐弋,people,https://www.zhihu.com/people/ae5e950e413fef26534c670f15d2b2f7,mu-yi-91-21-47,people,{'is_vip': False}
119,4,0,https://pic2.zhimg.com/v2-f02cbca84be22bc8f70b6e39b23ce925_is.jpg,https://pic2.zhimg.com/v2-f02cbca84be22bc8f70b6e39b23ce925_{size}.jpg,[],2,0,,43a798c65fdabd30d50a9d6eb3de053c,False,False,False,False,敬子,people,https://www.zhihu.com/people/43a798c65fdabd30d50a9d6eb3de053c,luo-zhao-ping-93-45,people,{'is_vip': False}
120,0,0,https://pic1.zhimg.com/da8e974dc_is.jpg,https://pic1.zhimg.com/da8e974dc_{size}.jpg,[],1,-1,,5ba05f468420e509a290850782056f08,False,False,False,False,熊逸凡,people,https://www.zhihu.com/people/5ba05f468420e509a290850782056f08,xiong-yi-fan-15,people,{'is_vip': False}
121,41,0,https://pic2.zhimg.com/v2-8aa949b53513b8ba9418c65c5b4bdac1_is.jpg,https://pic2.zhimg.com/v2-8aa949b53513b8ba9418c65c5b4bdac1_{size}.jpg,[],342,1,做个有趣的人,1654d71128f007ba3de2dc1c02457808,False,False,False,False,在左,people,https://www.zhihu.com/people/1654d71128f007ba3de2dc1c02457808,zai-zuo-15,people,{'is_vip': False}
122,2,0,https://pic3.zhimg.com/v2-af1afce971a555a7b3ea324b0a0c4e1e_is.jpg,https://pic3.zhimg.com/v2-af1afce971a555a7b3ea324b0a0c4e1e_{size}.jpg,[],0,-1,You are the one thing  I'm living for,a8d05cbbf08bda2bae74772ffd2f1ba8,False,False,False,False,Recruit,people,https://www.zhihu.com/people/a8d05cbbf08bda2bae74772ffd2f1ba8,recruit-63,people,{'is_vip': False}
123,72,0,https://pic3.zhimg.com/v2-efd413e5042ba33d22bce43abccd5eda_is.jpg,https://pic3.zhimg.com/v2-efd413e5042ba33d22bce43abccd5eda_{size}.jpg,[],91,-1,MiFan/网瘾少年/科技历史军事爱好者/爱丽丝,72f0270054f305e2e746d16c05cc9f84,False,False,False,False,雷軍AreYouOk,people,https://www.zhihu.com/people/72f0270054f305e2e746d16c05cc9f84,lei-jun-areyouok,people,{'is_vip': False}
124,0,0,https://pic1.zhimg.com/v2-78ea4f3a575e7ea1071f563c59b22ce0_is.jpg,https://pic1.zhimg.com/v2-78ea4f3a575e7ea1071f563c59b22ce0_{size}.jpg,[],0,-1,摄影师,fd05446bb5721ed6be2c6b245c575542,False,False,False,False,孙景明,people,https://www.zhihu.com/people/fd05446bb5721ed6be2c6b245c575542,sun-wen-xin-70,people,{'is_vip': False}
125,0,0,https://pic1.zhimg.com/v2-0201077ce3461418da1f07a2f6cc8034_is.jpg,https://pic1.zhimg.com/v2-0201077ce3461418da1f07a2f6cc8034_{size}.jpg,[],0,0,向死而生,5fc4c3453461c47dac4f06be67fe6232,False,False,False,False,nickiiiiiiiiiii,people,https://www.zhihu.com/people/5fc4c3453461c47dac4f06be67fe6232,nickiiiiiiiiiii,people,{'is_vip': False}
126,0,0,https://pic1.zhimg.com/v2-bd04964a028bc280d68d0101f94ccfc8_is.jpg,https://pic1.zhimg.com/v2-bd04964a028bc280d68d0101f94ccfc8_{size}.jpg,[],0,0,,2161208cb6338261ef789a14c082973a,False,False,False,False,玖笙,people,https://www.zhihu.com/people/2161208cb6338261ef789a14c082973a,ju-lao-shi-de-xiao-gu-liang,people,{'is_vip': False}
127,1,0,https://pic4.zhimg.com/v2-866682c3b175e67ce585dc673217292f_is.jpg,https://pic4.zhimg.com/v2-866682c3b175e67ce585dc673217292f_{size}.jpg,[],3,0,学生,76dfec9add9e5c178bea413d71078711,False,False,False,False,Ya.Q,people,https://www.zhihu.com/people/76dfec9add9e5c178bea413d71078711,ya-q-68,people,{'is_vip': False}
128,0,0,https://pic2.zhimg.com/v2-42934d27dbfeeb2b9c27d0ac07eaef4d_is.jpg,https://pic2.zhimg.com/v2-42934d27dbfeeb2b9c27d0ac07eaef4d_{size}.jpg,[],0,0,一个学生,299967a815f4bad5380ea5b5a1a24fea,False,False,False,False,拖延症,people,https://www.zhihu.com/people/299967a815f4bad5380ea5b5a1a24fea,tuo-yan-zheng-5,people,{'is_vip': False}
129,0,0,https://pic3.zhimg.com/v2-ed4ba6ec886be3b94fc8556bc3589f8e_is.jpg,https://pic3.zhimg.com/v2-ed4ba6ec886be3b94fc8556bc3589f8e_{size}.jpg,[],0,-1,情深不寿 慧极必伤,915bbcf63369f0dc0e972f6ff798b7a4,False,False,False,False,雪穗,people,https://www.zhihu.com/people/915bbcf63369f0dc0e972f6ff798b7a4,xue-sui-78-21,people,{'is_vip': False}
130,1,0,https://pic1.zhimg.com/v2-bdf75bd2377b27695037bd4ce3f09904_is.jpg,https://pic1.zhimg.com/v2-bdf75bd2377b27695037bd4ce3f09904_{size}.jpg,[],75,-1,,58cc9ce494f9547b27f2e48657d838bb,False,False,False,False,永垂不朽,people,https://www.zhihu.com/people/58cc9ce494f9547b27f2e48657d838bb,yong-chui-bu-xiu-20,people,{'is_vip': False}
131,0,0,https://pic1.zhimg.com/da8e974dc_is.jpg,https://pic1.zhimg.com/da8e974dc_{size}.jpg,[],0,-1,,5b4a0818ebedd86589819687226d383e,False,False,False,False,Hhhh,people,https://www.zhihu.com/people/5b4a0818ebedd86589819687226d383e,hhhh-94-11-4,people,{'is_vip': False}
132,0,0,https://pic3.zhimg.com/v2-69ebb7e96a583e154791a81009cbf66e_is.jpg,https://pic3.zhimg.com/v2-69ebb7e96a583e154791a81009cbf66e_{size}.jpg,[],0,-1,有点子帅,cc961297fb8ff0824870891a57a19671,False,False,False,False,拙天,people,https://www.zhihu.com/people/cc961297fb8ff0824870891a57a19671,zhuo-tian-78,people,{'is_vip': False}
133,69,6,https://pic2.zhimg.com/v2-31ae00f532d06d8554c1de4e7926fec5_is.jpg,https://pic2.zhimg.com/v2-31ae00f532d06d8554c1de4e7926fec5_{size}.jpg,[],523,1,BlackBerry街舞协会副会长,f822f7f45387adee31096c92bb01819f,False,False,False,False,BlackBerry 常副,people,https://www.zhihu.com/people/f822f7f45387adee31096c92bb01819f,blackberry-venice,people,{'is_vip': False}
134,9,0,https://pic1.zhimg.com/v2-5fd077e968b9ece90fb64083e53df460_is.jpg,https://pic1.zhimg.com/v2-5fd077e968b9ece90fb64083e53df460_{size}.jpg,[],2,-1,德粉，从A0到A再到B，PQ25/35/46深度体验,965711d57cac3c004dd4443f61350304,False,False,False,False,韩沐辰,people,https://www.zhihu.com/people/965711d57cac3c004dd4443f61350304,han-yong-jian-9,people,{'is_vip': False}
135,0,0,https://pic1.zhimg.com/da8e974dc_is.jpg,https://pic1.zhimg.com/da8e974dc_{size}.jpg,[],0,-1,,812caf1a41be72bb8b4b1d038fb2f8b7,False,False,False,False,顽固,people,https://www.zhihu.com/people/812caf1a41be72bb8b4b1d038fb2f8b7,wan-gu-16,people,{'is_vip': False}
136,0,0,https://pic1.zhimg.com/da8e974dc_is.jpg,https://pic1.zhimg.com/da8e974dc_{size}.jpg,[],0,-1,,fb8e59ac4eafcc66cc7dab6e55b9573f,False,False,False,False,晴天,people,https://www.zhihu.com/people/fb8e59ac4eafcc66cc7dab6e55b9573f,qing-tian-80-58-55,people,{'is_vip': False}
137,0,0,https://pic1.zhimg.com/da8e974dc_is.jpg,https://pic1.zhimg.com/da8e974dc_{size}.jpg,[],0,-1,学生,16fc14af46cf2c21e44006118bb9165d,False,False,False,False,蘑菇君,people,https://www.zhihu.com/people/16fc14af46cf2c21e44006118bb9165d,mo-gu-jun-11-98,people,{'is_vip': False}
138,0,0,https://pic1.zhimg.com/da8e974dc_is.jpg,https://pic1.zhimg.com/da8e974dc_{size}.jpg,[],0,-1,,0e847367113eb4bee758d56754bd7c68,False,False,False,False,北冥,people,https://www.zhihu.com/people/0e847367113eb4bee758d56754bd7c68,bei-ming-98-95-38,people,{'is_vip': False}
139,0,0,https://pic3.zhimg.com/v2-32500538730995b853e7fa6767de6de6_is.jpg,https://pic3.zhimg.com/v2-32500538730995b853e7fa6767de6de6_{size}.jpg,[],0,0,人生没有重来，贪婪有何不可,75b8fb6a4bfb24b11b4bad9331e4b75f,False,False,False,False,不归路,people,https://www.zhihu.com/people/75b8fb6a4bfb24b11b4bad9331e4b75f,bu-gui-lu-79-21,people,{'is_vip': False}
140,3,0,https://pic3.zhimg.com/v2-4ac1d1a9c9dde4273cee97a1fc4ea552_is.jpg,https://pic3.zhimg.com/v2-4ac1d1a9c9dde4273cee97a1fc4ea552_{size}.jpg,[],10,0,就这样吧！,046685d122bbda2b1d9649ed487effd3,False,False,False,False,流水,people,https://www.zhihu.com/people/046685d122bbda2b1d9649ed487effd3,zhu-qi-juan-6,people,{'is_vip': False}
141,0,0,https://pic1.zhimg.com/da8e974dc_is.jpg,https://pic1.zhimg.com/da8e974dc_{size}.jpg,[],0,-1,,6192e65d21b81963a4f192870d1b1d7e,False,False,False,False,蕤谢,people,https://www.zhihu.com/people/6192e65d21b81963a4f192870d1b1d7e,rui-xie-95,people,{'is_vip': False}
142,3,0,https://pic1.zhimg.com/da8e974dc_is.jpg,https://pic1.zhimg.com/da8e974dc_{size}.jpg,[],0,0,,456a1c295aa0b4a272f762ef88bb29f5,False,False,False,False,杨思远,people,https://www.zhihu.com/people/456a1c295aa0b4a272f762ef88bb29f5,yang-si-yuan-28,people,{'is_vip': False}
143,0,0,https://pic2.zhimg.com/v2-fc957cbb79c2261f9c6647047cc918a5_is.jpg,https://pic2.zhimg.com/v2-fc957cbb79c2261f9c6647047cc918a5_{size}.jpg,[],1,1,再次路过  人间已无我,f836baa59fa47a2ee0d7e75e8981b374,False,False,False,False,十年九不遇,people,https://www.zhihu.com/people/f836baa59fa47a2ee0d7e75e8981b374,shi-nian-jiu-bu-yu-20-79,people,{'is_vip': False}
144,4,0,https://pic2.zhimg.com/da55c0b8904558cf5225e3cce7058539_is.jpg,https://pic2.zhimg.com/da55c0b8904558cf5225e3cce7058539_{size}.jpg,[],1,-1,大学狗 学渣,565bc10e5a313236202c6cfead28c891,False,False,False,False,七什么里香,people,https://www.zhihu.com/people/565bc10e5a313236202c6cfead28c891,song-xiang-yu-36-22,people,{'is_vip': False}
145,11,0,https://pic1.zhimg.com/v2-085c3402d64d652f1ea33e577e218f9c_is.jpg,https://pic1.zhimg.com/v2-085c3402d64d652f1ea33e577e218f9c_{size}.jpg,[],18,0,外貌死的路，内心生的门,5089851b88d40c193950ee0c35d76eb5,False,False,False,False,涵先森 Zzzan,people,https://www.zhihu.com/people/5089851b88d40c193950ee0c35d76eb5,wang-zi-han-27-85,people,{'is_vip': False}
146,2,0,https://pic3.zhimg.com/v2-30fbfd17c1bd31a29a3bb1c5dd962f1e_is.jpg,https://pic3.zhimg.com/v2-30fbfd17c1bd31a29a3bb1c5dd962f1e_{size}.jpg,[],3,-1,,947b662fc4d8a6b15929e35261c94711,False,False,False,False,花一匁,people,https://www.zhihu.com/people/947b662fc4d8a6b15929e35261c94711,hua-yi-mwun,people,{'is_vip': False}
147,0,0,https://pic1.zhimg.com/v2-71de3bce423b6cb6dc7fdb73493d6a90_is.jpg,https://pic1.zhimg.com/v2-71de3bce423b6cb6dc7fdb73493d6a90_{size}.jpg,[],0,0,,87f85570ee7b329e532ab8dd0a1fbc83,False,False,False,False,阿君,people,https://www.zhihu.com/people/87f85570ee7b329e532ab8dd0a1fbc83,a-jun-6-69,people,{'is_vip': False}
148,0,0,https://pic1.zhimg.com/da8e974dc_is.jpg,https://pic1.zhimg.com/da8e974dc_{size}.jpg,[],1,-1,学生,63bf5e10c7a5ca4557044d853dd8ec05,False,False,False,False,天晴铁盒,people,https://www.zhihu.com/people/63bf5e10c7a5ca4557044d853dd8ec05,tian-qing-tie-he,people,{'is_vip': False}
149,0,0,https://pic2.zhimg.com/v2-f2fcaec49807f0d22b2930d2984777c9_is.jpg,https://pic2.zhimg.com/v2-f2fcaec49807f0d22b2930d2984777c9_{size}.jpg,[],1,0,会计,75f1a741ca9eb8a6190fe555173a1ed3,False,False,False,False,立白,people,https://www.zhihu.com/people/75f1a741ca9eb8a6190fe555173a1ed3,zhang-zi-qi-33-88,people,{'is_vip': False}
150,44,0,https://pic1.zhimg.com/v2-6ab41e3edbbc00a6883ca2f29c1a0458_is.jpg,https://pic1.zhimg.com/v2-6ab41e3edbbc00a6883ca2f29c1a0458_{size}.jpg,[],41,1,,8529891364b70abb0f39f5d68010ba30,False,False,False,False,东邪叉叉叉,people,https://www.zhihu.com/people/8529891364b70abb0f39f5d68010ba30,dong-xie-cha-cha-cha,people,{'is_vip': False}
151,29,0,https://pic4.zhimg.com/v2-08931defcdefa2ea298e16e2e4a73087_is.jpg,https://pic4.zhimg.com/v2-08931defcdefa2ea298e16e2e4a73087_{size}.jpg,[],3,1,人生的出场次序真的重要么。,1e59b4cef5e4f5bc6eb9a431bd926caa,False,False,False,False,芒果丶,people,https://www.zhihu.com/people/1e59b4cef5e4f5bc6eb9a431bd926caa,nai-he-shang-qing,people,{'is_vip': False}
152,5,0,https://pic2.zhimg.com/v2-1e8bfddaf0aeec38f4b86b89f9bf25ad_is.jpg,https://pic2.zhimg.com/v2-1e8bfddaf0aeec38f4b86b89f9bf25ad_{size}.jpg,[],9,1,来自X1999蒸汽朋克平行世界,3937b0af157d31af4960108a68f706b9,False,False,False,False,Asclepius,people,https://www.zhihu.com/people/3937b0af157d31af4960108a68f706b9,peng-ke-you-er-yuan,people,{'is_vip': False}
153,0,0,https://pic3.zhimg.com/v2-025197bf637f36abf0f537a7a5a1eea2_is.jpg,https://pic3.zhimg.com/v2-025197bf637f36abf0f537a7a5a1eea2_{size}.jpg,[],0,0,青春迷茫期,485e57d421875eaac168ec2665ea1723,False,False,False,False,韩十七,people,https://www.zhihu.com/people/485e57d421875eaac168ec2665ea1723,hcl36.5,people,{'is_vip': False}
154,0,0,https://pic1.zhimg.com/da8e974dc_is.jpg,https://pic1.zhimg.com/da8e974dc_{size}.jpg,[],0,-1,,a43cb335c99cdb9656f7a71e8efa7f9c,False,False,False,False,zxhdjdvksbdi,people,https://www.zhihu.com/people/a43cb335c99cdb9656f7a71e8efa7f9c,zxhdjdvksbdi,people,{'is_vip': False}
155,0,0,https://pic1.zhimg.com/da8e974dc_is.jpg,https://pic1.zhimg.com/da8e974dc_{size}.jpg,[],0,1,平民,8bd9b611b45c1131c02873766aaabdd2,False,False,False,False,韶韶,people,https://www.zhihu.com/people/8bd9b611b45c1131c02873766aaabdd2,shao-shao-92,people,{'is_vip': False}
156,2,0,https://pic1.zhimg.com/da8e974dc_is.jpg,https://pic1.zhimg.com/da8e974dc_{size}.jpg,[],0,-1,无业游民,473c63cb92cc3b6bddc852408d1edcae,False,False,False,False,半秋,people,https://www.zhihu.com/people/473c63cb92cc3b6bddc852408d1edcae,ban-qiu-74-60,people,{'is_vip': False}
157,4,0,https://pic3.zhimg.com/7cef7e681974405f4671cf9357e3bfe2_is.jpeg,https://pic3.zhimg.com/7cef7e681974405f4671cf9357e3bfe2_{size}.jpeg,[],0,-1,,6a10e88cca5eaa3efbba81fd765d61eb,False,False,False,False,齐华坦尼荷,people,https://www.zhihu.com/people/6a10e88cca5eaa3efbba81fd765d61eb,qi-hua-tan-ni-he-3,people,{'is_vip': False}
158,1,0,https://pic1.zhimg.com/v2-5db9cbcaca49191b4259cca0a76c9978_is.jpg,https://pic1.zhimg.com/v2-5db9cbcaca49191b4259cca0a76c9978_{size}.jpg,[],0,-1,学生,cd6b980fceb958a9fb1ca75e32ea9b22,False,False,False,False,西北忆长安,people,https://www.zhihu.com/people/cd6b980fceb958a9fb1ca75e32ea9b22,xi-bei-yi-chang-an,people,{'is_vip': False}
159,1,0,https://pic1.zhimg.com/v2-89ee12ea5a0acfafaab786e8f69f9da8_is.jpg,https://pic1.zhimg.com/v2-89ee12ea5a0acfafaab786e8f69f9da8_{size}.jpg,[],1,0,带着一群娃的小学老师,558ff1b6874b22c97eab315ba618a227,False,False,False,False,橙子熟了,people,https://www.zhihu.com/people/558ff1b6874b22c97eab315ba618a227,he-liu-yun-25,people,{'is_vip': False}
160,0,0,https://pic1.zhimg.com/da8e974dc_is.jpg,https://pic1.zhimg.com/da8e974dc_{size}.jpg,[],7,-1,,564d62a6551afca8bb73e0175b42d6fd,False,False,False,False,雪玫,people,https://www.zhihu.com/people/564d62a6551afca8bb73e0175b42d6fd,xue-mei-13-86,people,{'is_vip': False}
161,0,0,https://pic3.zhimg.com/v2-93200cb2f1808d2a2f231d11619db1ea_is.jpg,https://pic3.zhimg.com/v2-93200cb2f1808d2a2f231d11619db1ea_{size}.jpg,[],0,0,学生,2383b09eebce5fdf2e3861468b7d7063,False,False,False,False,大琳,people,https://www.zhihu.com/people/2383b09eebce5fdf2e3861468b7d7063,da-lin-20-46,people,{'is_vip': False}
162,0,0,https://pic1.zhimg.com/da8e974dc_is.jpg,https://pic1.zhimg.com/da8e974dc_{size}.jpg,[],0,-1,学生哈哈哈哈哈哈,32a1a5282e50893b217e642c033ec4e9,False,False,False,False,哈哈哈哈哈哈,people,https://www.zhihu.com/people/32a1a5282e50893b217e642c033ec4e9,ha-ha-ha-ha-ha-ha-27-27,people,{'is_vip': False}
163,2,0,https://pic1.zhimg.com/v2-1c598388321404d05f0b710fa851d090_is.jpg,https://pic1.zhimg.com/v2-1c598388321404d05f0b710fa851d090_{size}.jpg,[],0,-1,,b7ee65c2b72e2e0a815aefe625edbcd1,False,False,False,False,蝴蝶飞不过沧海,people,https://www.zhihu.com/people/b7ee65c2b72e2e0a815aefe625edbcd1,hu-die-fei-bu-guo-cang-hai-84,people,{'is_vip': False}
164,0,0,https://pic1.zhimg.com/da8e974dc_is.jpg,https://pic1.zhimg.com/da8e974dc_{size}.jpg,[],0,-1,,df4551f62ed22ad2a733fc60aff5c6ab,False,False,False,False,米心,people,https://www.zhihu.com/people/df4551f62ed22ad2a733fc60aff5c6ab,mi-xin-71-68,people,{'is_vip': False}
165,0,0,https://pic2.zhimg.com/v2-39f6503417fa93da3e2a289f58536f41_is.jpg,https://pic2.zhimg.com/v2-39f6503417fa93da3e2a289f58536f41_{size}.jpg,[],0,-1,,68c2a4d1e465b3f39f96d6cbb3622286,False,False,False,False,茜仔,people,https://www.zhihu.com/people/68c2a4d1e465b3f39f96d6cbb3622286,qian-zi-2-35,people,{'is_vip': False}
166,4,0,https://pic4.zhimg.com/v2-bc4520d7a9c2e7ed2a93fca0a8e4557b_is.jpg,https://pic4.zhimg.com/v2-bc4520d7a9c2e7ed2a93fca0a8e4557b_{size}.jpg,[],1,0,W,62261f6b1a29c4e400e1948abb67a38f,False,False,False,False,AQWX,people,https://www.zhihu.com/people/62261f6b1a29c4e400e1948abb67a38f,xi-rang-wu,people,{'is_vip': False}
167,0,0,https://pic4.zhimg.com/v2-125acbae25414118f2a8cf978862d11f_is.jpg,https://pic4.zhimg.com/v2-125acbae25414118f2a8cf978862d11f_{size}.jpg,[],2,0,,0f7ef8035448eaf71061ffdf480fc5ea,False,False,False,False,Masweet,people,https://www.zhihu.com/people/0f7ef8035448eaf71061ffdf480fc5ea,suan-nai-yourgt,people,{'is_vip': False}
168,1,0,https://pic1.zhimg.com/v2-46b9d4d61b8be8cdc14caf24bd038830_is.jpg,https://pic1.zhimg.com/v2-46b9d4d61b8be8cdc14caf24bd038830_{size}.jpg,[],0,0,,614faaa80e5e4f152e0b6c266a19f2e0,False,False,False,False,abby,people,https://www.zhihu.com/people/614faaa80e5e4f152e0b6c266a19f2e0,bei-51,people,{'is_vip': False}
169,1,0,https://pic2.zhimg.com/v2-94f8dff1247f6d413b12b144011fa5e1_is.jpg,https://pic2.zhimg.com/v2-94f8dff1247f6d413b12b144011fa5e1_{size}.jpg,[],0,0,一句话怎么够,c272bceaddf2bb1645fc7141914b2780,False,False,False,False,李本本,people,https://www.zhihu.com/people/c272bceaddf2bb1645fc7141914b2780,li-ben-ben-16-72,people,{'is_vip': False}
170,1,0,https://pic3.zhimg.com/v2-f3aa58ae1e88b1ff1d9f577ed2f8063a_is.jpg,https://pic3.zhimg.com/v2-f3aa58ae1e88b1ff1d9f577ed2f8063a_{size}.jpg,[],0,-1,新媒体运营,0b8305a5abdff0e2dbac65734ee62f12,False,False,False,False,大象小姐,people,https://www.zhihu.com/people/0b8305a5abdff0e2dbac65734ee62f12,da-xiang-xiao-jie-67,people,{'is_vip': False}
171,0,0,https://pic2.zhimg.com/79276dea0233cd5dd821c52d8c931931_is.jpg,https://pic2.zhimg.com/79276dea0233cd5dd821c52d8c931931_{size}.jpg,[],0,-1,漫画,debc5310c6513a9df27868d03eb259fe,False,False,False,False,王阿妈,people,https://www.zhihu.com/people/debc5310c6513a9df27868d03eb259fe,wang-a-ma-9,people,{'is_vip': False}
172,0,0,https://pic1.zhimg.com/da8e974dc_is.jpg,https://pic1.zhimg.com/da8e974dc_{size}.jpg,[],0,-1,学生,6a08cb1f049dc1be9a32bb39b237090a,False,False,False,False,每天都要学习,people,https://www.zhihu.com/people/6a08cb1f049dc1be9a32bb39b237090a,yi-ge-da-lian-peng,people,{'is_vip': False}
173,0,0,https://pic4.zhimg.com/v2-d834847e34119682b4d4d3eb03a977a7_is.jpg,https://pic4.zhimg.com/v2-d834847e34119682b4d4d3eb03a977a7_{size}.jpg,[],0,0,越幸运越努力,70434a802cfc5a01459f20179d0bce80,False,False,False,False,catkam,people,https://www.zhihu.com/people/70434a802cfc5a01459f20179d0bce80,catkan,people,{'is_vip': False}
174,0,0,https://pic1.zhimg.com/da8e974dc_is.jpg,https://pic1.zhimg.com/da8e974dc_{size}.jpg,[],0,-1,学生党,b5843050fba24ca4295ebfa19e921549,False,False,False,False,婉婉呐,people,https://www.zhihu.com/people/b5843050fba24ca4295ebfa19e921549,wan-wan-ne-84-90,people,{'is_vip': False}
175,0,0,https://pic1.zhimg.com/da8e974dc_is.jpg,https://pic1.zhimg.com/da8e974dc_{size}.jpg,[],0,-1,,20bb46a7d0530aba1f0543d6d699f968,False,False,False,False,liuliu,people,https://www.zhihu.com/people/20bb46a7d0530aba1f0543d6d699f968,liuliu-25-98,people,{'is_vip': False}
176,4,0,https://pic2.zhimg.com/v2-d724d879bd47eb3a01ccfaa0e7440539_is.jpg,https://pic2.zhimg.com/v2-d724d879bd47eb3a01ccfaa0e7440539_{size}.jpg,[],1,0,高中生,4b7cdb658ef2341c9b0d338ba0fd7551,False,False,False,False,林间画,people,https://www.zhihu.com/people/4b7cdb658ef2341c9b0d338ba0fd7551,laaaa-64,people,{'is_vip': False}
177,0,0,https://pic1.zhimg.com/da8e974dc_is.jpg,https://pic1.zhimg.com/da8e974dc_{size}.jpg,[],0,-1,世界500强运营负责人,fa940e1fde456b064b53cce51902eceb,False,False,False,False,二狗子喜当爹,people,https://www.zhihu.com/people/fa940e1fde456b064b53cce51902eceb,er-gou-zi-xi-dang-die,people,{'is_vip': False}
178,32,0,https://pic2.zhimg.com/v2-ae02f4d2148524ef18700de1ffb468bd_is.jpg,https://pic2.zhimg.com/v2-ae02f4d2148524ef18700de1ffb468bd_{size}.jpg,[],39,-1,,f38ff55a6113078e144491e605de0fac,False,False,False,False,王werty,people,https://www.zhihu.com/people/f38ff55a6113078e144491e605de0fac,wang-werty,people,{'is_vip': False}
179,160,1,https://pic1.zhimg.com/v2-d64058c618640dcecaf662ff2a305fc0_is.jpg,https://pic1.zhimg.com/v2-d64058c618640dcecaf662ff2a305fc0_{size}.jpg,[],46,-1,脊索动物门 哺乳纲 真兽亚纲 灵长目 类人猿亚目 人科 人亚科 人属 智人种 张扬,6c1ab9acca0cbe081dbe270ae54edcf1,False,False,False,False,张扬,people,https://www.zhihu.com/people/6c1ab9acca0cbe081dbe270ae54edcf1,zhang-yang-86-62-45,people,{'is_vip': False}
180,1,1,https://pic3.zhimg.com/v2-587641b2bff9d6730aefe3a58e976e66_is.jpg,https://pic3.zhimg.com/v2-587641b2bff9d6730aefe3a58e976e66_{size}.jpg,[],1,0,挣扎着考会计证的老学姐,98ba8efd7287195a14768c857b56e4f3,False,False,False,False,金月,people,https://www.zhihu.com/people/98ba8efd7287195a14768c857b56e4f3,jin-xiao-xiao-24-79,people,{'is_vip': False}
181,1,0,https://pic1.zhimg.com/da8e974dc_is.jpg,https://pic1.zhimg.com/da8e974dc_{size}.jpg,[],0,-1,心想事成,f113627bd75b95817097bf3f9a736b59,False,False,False,False,steven,people,https://www.zhihu.com/people/f113627bd75b95817097bf3f9a736b59,steven-27-42,people,{'is_vip': False}
182,3,0,https://pic4.zhimg.com/v2-405e5d8d51a301b13c6e2758b187834f_is.jpg,https://pic4.zhimg.com/v2-405e5d8d51a301b13c6e2758b187834f_{size}.jpg,[],3,-1,种植红薯叶,10663271020ce9e4cb1ab6f86ce22838,False,False,False,False,Mr Pang,people,https://www.zhihu.com/people/10663271020ce9e4cb1ab6f86ce22838,xiao-pa-chong-79,people,{'is_vip': False}
183,1,0,https://pic1.zhimg.com/v2-20f28c5353e14f4607518d5dd43d0b3c_is.jpg,https://pic1.zhimg.com/v2-20f28c5353e14f4607518d5dd43d0b3c_{size}.jpg,[],6,0,学生,5442fda85e87222f4c5d9e78c983bd3e,False,False,False,False,哎哟我怎么这么帅,people,https://www.zhihu.com/people/5442fda85e87222f4c5d9e78c983bd3e,tomatomo-yo,people,{'is_vip': False}
184,0,0,https://pic3.zhimg.com/82533da20e6427b95883e9b027dc9242_is.jpg,https://pic3.zhimg.com/82533da20e6427b95883e9b027dc9242_{size}.jpg,[],1,0,铁马是你 冰河也是你。,c36f2ec7fe064fdc64807b618bf55dc4,False,False,False,False,窗明,people,https://www.zhihu.com/people/c36f2ec7fe064fdc64807b618bf55dc4,li-jn-74,people,{'is_vip': False}
185,7,0,https://pic1.zhimg.com/da8e974dc_is.jpg,https://pic1.zhimg.com/da8e974dc_{size}.jpg,[],2,-1,,5ebb7335f386d2270c999d9a97eedb23,False,False,False,False,百年孤读,people,https://www.zhihu.com/people/5ebb7335f386d2270c999d9a97eedb23,bai-nian-gu-du-17-85,people,{'is_vip': False}
186,2,0,https://pic2.zhimg.com/v2-6310bc62f0417a810dfafb0524e22b69_is.jpg,https://pic2.zhimg.com/v2-6310bc62f0417a810dfafb0524e22b69_{size}.jpg,[],2,0,,4ff73726f8021ad535e2f50b9878a128,False,False,False,False,陳石榴,people,https://www.zhihu.com/people/4ff73726f8021ad535e2f50b9878a128,mei-mei-mei-23,people,{'is_vip': False}
187,0,0,https://pic1.zhimg.com/da8e974dc_is.jpg,https://pic1.zhimg.com/da8e974dc_{size}.jpg,[],0,-1,,d0056434d164d33a33a7fee9fa0ff8f4,False,False,False,False,albert,people,https://www.zhihu.com/people/d0056434d164d33a33a7fee9fa0ff8f4,albert-27-36,people,{'is_vip': False}
188,1,0,https://pic4.zhimg.com/v2-9365e231e16f136e4ddd1cd1ad8c1d53_is.jpg,https://pic4.zhimg.com/v2-9365e231e16f136e4ddd1cd1ad8c1d53_{size}.jpg,[],1,0,越努力，越幸运。,30e5eecff2d5b0e85effb15f0a496f3a,False,False,False,False,朝颜,people,https://www.zhihu.com/people/30e5eecff2d5b0e85effb15f0a496f3a,zhao-yan-73-58,people,{'is_vip': False}
189,0,0,https://pic1.zhimg.com/da8e974dc_is.jpg,https://pic1.zhimg.com/da8e974dc_{size}.jpg,[],0,-1,学生,6c68aa87dd9f55a9170a590b79db9100,False,False,False,False,城里城外,people,https://www.zhihu.com/people/6c68aa87dd9f55a9170a590b79db9100,cheng-li-cheng-wai-50,people,{'is_vip': False}
190,16,0,https://pic2.zhimg.com/v2-e8320d5eae945a91e1e6b637b0e6d1d9_is.jpg,https://pic2.zhimg.com/v2-e8320d5eae945a91e1e6b637b0e6d1d9_{size}.jpg,[],3,0,玄学/汉服/月琴/音乐/cos/涉及方面挺杂，样样都懂样样不精,cc1e3924039525e568e4f33a3bbf19ed,False,False,False,False,月白,people,https://www.zhihu.com/people/cc1e3924039525e568e4f33a3bbf19ed,yue-bai-31-69,people,{'is_vip': False}
191,0,0,https://pic1.zhimg.com/v2-97ff4636542471b8e514cc9902c84834_is.jpg,https://pic1.zhimg.com/v2-97ff4636542471b8e514cc9902c84834_{size}.jpg,[],0,-1,擅长羽毛球篮球，喜好钢笔高中学生,378ef6398a7bd7fc1712aa18aeda87e8,False,False,False,False,刘佳辰,people,https://www.zhihu.com/people/378ef6398a7bd7fc1712aa18aeda87e8,liu-jia-chen-12-28,people,{'is_vip': False}
192,8,0,https://pic3.zhimg.com/v2-cb7a73d4b2167baaf9b15a6eae889ffa_is.jpg,https://pic3.zhimg.com/v2-cb7a73d4b2167baaf9b15a6eae889ffa_{size}.jpg,[],3,1,,7836a1a3664d79037465ca9b82e615e3,False,False,False,False,小小小可爱,people,https://www.zhihu.com/people/7836a1a3664d79037465ca9b82e615e3,xiao-xiao-xiao-ke-ai-11,people,{'is_vip': False}
193,33,0,https://pic1.zhimg.com/7511c1534_is.jpg,https://pic1.zhimg.com/7511c1534_{size}.jpg,[],4,1,缠结是那么多，逐个去拆解,538f5e41a0e2aaf825637f586f8c9788,False,False,False,False,苏涛cobb,people,https://www.zhihu.com/people/538f5e41a0e2aaf825637f586f8c9788,su-tao-47-58,people,{'is_vip': False}
194,0,0,https://pic1.zhimg.com/da8e974dc_is.jpg,https://pic1.zhimg.com/da8e974dc_{size}.jpg,[],0,-1,,d478ac2a2f0a752143c921976ebe8fa3,False,False,False,False,ffff,people,https://www.zhihu.com/people/d478ac2a2f0a752143c921976ebe8fa3,ffff-34-49,people,{'is_vip': False}
195,325,2,https://pic2.zhimg.com/v2-778972df7f7d9407539c0b0e86fbd18d_is.jpg,https://pic2.zhimg.com/v2-778972df7f7d9407539c0b0e86fbd18d_{size}.jpg,[],238,1,农学劝退，付费咨询。qq：3114355547,cc67fa251ebf4f1891d380b527ce0fff,False,False,False,False,meow大人的头号fan,people,https://www.zhihu.com/people/cc67fa251ebf4f1891d380b527ce0fff,meow-da-ren-de-tou-hao-fan,people,{'is_vip': False}
196,0,0,https://pic1.zhimg.com/da8e974dc_is.jpg,https://pic1.zhimg.com/da8e974dc_{size}.jpg,[],0,-1,,6a9b868fa28b3e357cf48c912577fbe2,False,False,False,False,eigo,people,https://www.zhihu.com/people/6a9b868fa28b3e357cf48c912577fbe2,eigo-81,people,{'is_vip': False}
197,5,0,https://pic2.zhimg.com/v2-fe4ae25c8ba9130c8637af3373fff981_is.jpg,https://pic2.zhimg.com/v2-fe4ae25c8ba9130c8637af3373fff981_{size}.jpg,[],3,0,,7d87f600446f85bca1f758c2ef638602,False,False,False,False,雪小砚,people,https://www.zhihu.com/people/7d87f600446f85bca1f758c2ef638602,xue-xiao-yan-31,people,{'is_vip': False}
198,1,0,https://pic4.zhimg.com/v2-62c95d6f597f7a5ac288684440f4a017_is.jpg,https://pic4.zhimg.com/v2-62c95d6f597f7a5ac288684440f4a017_{size}.jpg,[],0,-1,,00f0cc8f52e6eed7fd73d7bfe06f209e,False,False,False,False,竹墨残水·樱花泪,people,https://www.zhihu.com/people/00f0cc8f52e6eed7fd73d7bfe06f209e,zhu-mo-can-shui-ying-hua-lei,people,{'is_vip': False}
199,1,0,https://pic1.zhimg.com/da8e974dc_is.jpg,https://pic1.zhimg.com/da8e974dc_{size}.jpg,[],14,-1,,37c40c139ceebeb316d50f59475b0a5c,False,False,False,False,哒哒哒,people,https://www.zhihu.com/people/37c40c139ceebeb316d50f59475b0a5c,da-da-da-23-44,people,{'is_vip': False}
